※データは速報値であり、推計値などが含まれます,,,,,,,,,,,,,
※データは過去にさかのぼり修正する場合があります,,,,,,,,,,,,,
※四捨五入の関係で合計が合わないことがあります,,,,,,,,,,,,,
※例えば、0:00の実績値は、0時00分から1時00分までの1時間平均値を示します,,,,,,,,,,,,,
,,エリア需要,原子力,火力,水力,地熱,バイオマス,太陽光実績,太陽光抑制量,風力実績,風力抑制量,揚水,連系線
DATE,TIME,MWh,MWh,MWh,MWh,MWh,MWh,MWh,MWh,MWh,MWh,MWh,MWh
2020/11/1,0:00,2340,0,1833,311,,69,0,0,24,0,0,103
2020/11/1,1:00,2405,0,1945,317,,71,0,0,58,0,0,14
2020/11/1,2:00,2607,0,2079,480,,69,0,0,65,0,0,-87
2020/11/1,3:00,2786,0,2073,715,,70,0,0,61,0,0,-132
2020/11/1,4:00,2834,0,2052,709,,69,0,0,63,0,0,-59
2020/11/1,5:00,2710,0,1927,586,,69,0,0,73,0,0,55
2020/11/1,6:00,2555,0,2002,408,,69,15,0,84,0,0,-23
2020/11/1,7:00,2476,0,2012,368,,69,148,0,70,0,0,-191
2020/11/1,8:00,2436,0,1906,332,,69,351,0,52,0,0,-274
2020/11/1,9:00,2434,0,1928,338,,69,468,0,51,0,0,-419
2020/11/1,10:00,2445,0,1905,340,,69,477,0,50,0,0,-396
2020/11/1,11:00,2480,0,2023,312,,70,328,0,51,0,0,-304
2020/11/1,12:00,2477,0,2137,325,,69,198,0,55,0,0,-307
2020/11/1,13:00,2435,0,1962,302,,68,264,0,58,0,0,-219
2020/11/1,14:00,2405,0,2019,317,,69,170,0,54,0,0,-223
2020/11/1,15:00,2398,0,2031,340,,70,118,0,53,0,0,-214
2020/11/1,16:00,2481,0,2066,490,,68,31,0,50,0,0,-224
2020/11/1,17:00,2708,0,2094,697,,69,1,0,42,0,0,-194
2020/11/1,18:00,2740,0,2030,704,,69,0,0,42,0,0,-105
2020/11/1,19:00,2679,0,1886,843,,69,0,0,46,0,0,-165
2020/11/1,20:00,2598,0,1885,617,,68,0,0,45,0,0,-16
2020/11/1,21:00,2475,0,2008,396,,69,0,0,39,0,0,-37
2020/11/1,22:00,2399,0,2076,333,,69,0,0,29,0,-58,-50
2020/11/1,23:00,2332,0,2174,328,,69,0,0,30,0,-120,-149
2020/11/2,0:00,2272,0,2233,302,,69,0,0,74,0,-62,-343
2020/11/2,1:00,2346,0,2279,302,,69,0,0,94,0,0,-398
2020/11/2,2:00,2563,0,2375,358,,69,0,0,92,0,0,-332
2020/11/2,3:00,2728,0,2433,496,,69,0,0,75,0,0,-344
2020/11/2,4:00,2780,0,2395,569,,69,0,0,67,0,0,-320
2020/11/2,5:00,2737,0,2357,515,,69,0,0,88,0,0,-292
2020/11/2,6:00,2688,0,2291,413,,70,4,0,103,0,0,-192
2020/11/2,7:00,2801,0,2301,509,,69,19,0,96,0,0,-193
2020/11/2,8:00,3163,0,2431,472,,69,28,0,64,0,0,100
2020/11/2,9:00,3409,0,2465,406,,68,62,0,57,0,0,352
2020/11/2,10:00,3453,0,2470,435,,69,68,0,64,0,0,348
2020/11/2,11:00,3463,0,2437,444,,68,81,0,51,0,0,384
2020/11/2,12:00,3285,0,2388,497,,69,67,0,46,0,0,219
2020/11/2,13:00,3434,0,2427,564,,69,56,0,46,0,0,272
2020/11/2,14:00,3448,0,2382,587,,69,34,0,26,0,0,351
2020/11/2,15:00,3417,0,2372,627,,69,19,0,27,0,0,304
2020/11/2,16:00,3444,0,2437,834,,69,5,0,38,0,0,61
2020/11/2,17:00,3414,0,2389,949,,68,1,0,34,0,0,-26
2020/11/2,18:00,3347,0,2321,991,,69,1,0,24,0,52,-111
2020/11/2,19:00,3191,0,2272,959,,68,1,0,14,0,99,-221
2020/11/2,20:00,3072,0,2283,799,,69,0,0,35,0,99,-214
2020/11/2,21:00,2946,0,2243,704,,69,0,0,44,0,69,-183
2020/11/2,22:00,2848,0,2286,703,,69,0,0,45,0,0,-254
2020/11/2,23:00,2798,0,2264,730,,69,0,0,44,0,0,-309
2020/11/3,0:00,2676,0,2291,742,,69,0,0,52,0,0,-478
2020/11/3,1:00,2711,0,2250,740,,69,0,0,56,0,0,-404
2020/11/3,2:00,2924,0,2385,780,,69,0,0,60,0,0,-370
2020/11/3,3:00,3096,0,2376,898,,69,0,0,43,0,0,-290
2020/11/3,4:00,3099,0,2390,928,,69,1,0,46,0,0,-334
2020/11/3,5:00,3008,0,2266,829,,69,0,0,50,0,0,-206
2020/11/3,6:00,2856,0,2266,614,,69,11,0,19,0,0,-122
2020/11/3,7:00,2834,0,2300,572,,68,141,0,5,0,0,-252
2020/11/3,8:00,2954,0,2246,563,,69,374,0,1,0,0,-298
2020/11/3,9:00,3039,0,2161,565,,68,575,0,6,0,0,-336
2020/11/3,10:00,3016,0,2035,561,,70,691,0,23,0,0,-363
2020/11/3,11:00,3026,0,2047,579,,69,684,0,35,0,0,-387
2020/11/3,12:00,3022,0,2237,582,,69,420,0,48,0,0,-333
2020/11/3,13:00,3074,0,2315,509,,68,320,0,50,0,0,-187
2020/11/3,14:00,3094,0,2339,543,,69,198,0,70,0,0,-124
2020/11/3,15:00,3132,0,2423,535,,69,38,0,95,0,0,-27
2020/11/3,16:00,3212,0,2439,571,,69,10,0,108,0,0,16
2020/11/3,17:00,3314,0,2418,722,,69,1,0,118,0,0,-13
2020/11/3,18:00,3312,0,2440,784,,69,1,0,122,0,0,-102
2020/11/3,19:00,3212,0,2425,758,,69,0,0,118,0,0,-158
2020/11/3,20:00,3130,0,2445,589,,69,0,0,94,0,0,-66
2020/11/3,21:00,3014,0,2379,515,,68,0,0,80,0,0,-27
2020/11/3,22:00,2913,0,2315,546,,70,0,0,77,0,0,-95
2020/11/3,23:00,2811,0,2397,569,,69,0,0,54,0,0,-277
2020/11/4,0:00,2729,0,2448,533,,69,0,0,52,0,0,-373
2020/11/4,1:00,2800,0,2407,560,,69,0,0,50,0,0,-285
2020/11/4,2:00,3002,0,2402,651,,69,0,0,47,0,0,-167
2020/11/4,3:00,3220,0,2405,776,,69,0,0,46,0,0,-76
2020/11/4,4:00,3272,0,2397,728,,69,0,0,47,0,0,30
2020/11/4,5:00,3259,0,2426,676,,68,0,0,43,0,0,46
2020/11/4,6:00,3280,0,2456,564,,69,7,0,40,0,0,145
2020/11/4,7:00,3276,0,2398,543,,69,95,0,28,0,0,143
2020/11/4,8:00,3544,0,2476,596,,69,141,0,30,0,49,183
2020/11/4,9:00,3786,0,2455,534,,69,240,0,15,0,0,473
2020/11/4,10:00,3774,0,2263,476,,68,287,0,20,0,0,660
2020/11/4,11:00,3792,0,2362,490,,69,280,0,23,0,-48,617
2020/11/4,12:00,3598,0,2345,497,,69,322,0,24,0,-120,462
2020/11/4,13:00,3736,0,2419,521,,69,249,0,20,0,-70,527
2020/11/4,14:00,3760,0,2430,542,,68,173,0,21,0,0,526
2020/11/4,15:00,3705,0,2383,530,,69,98,0,19,0,0,606
2020/11/4,16:00,3763,0,2480,819,,69,24,0,17,0,48,306
2020/11/4,17:00,3752,0,2430,944,,69,0,0,10,0,99,200
2020/11/4,18:00,3691,0,2442,939,,70,0,0,7,0,99,134
2020/11/4,19:00,3537,0,2466,828,,68,0,0,2,0,76,97
2020/11/4,20:00,3415,0,2479,594,,69,0,0,4,0,0,269
2020/11/4,21:00,3287,0,2476,566,,69,0,0,10,0,0,165
2020/11/4,22:00,3182,0,2397,545,,69,0,0,10,0,0,160
2020/11/4,23:00,3055,0,2328,550,,69,0,0,19,0,0,89
2020/11/5,0:00,2909,0,2344,494,,69,0,0,33,0,0,-31
2020/11/5,1:00,2977,0,2362,493,,69,0,0,36,0,0,17
2020/11/5,2:00,3162,0,2361,539,,69,0,0,37,0,0,157
2020/11/5,3:00,3328,0,2369,779,,69,0,0,29,0,0,82
2020/11/5,4:00,3374,0,2373,821,,70,0,0,29,0,0,81
2020/11/5,5:00,3358,0,2422,594,,69,0,0,26,0,0,248
2020/11/5,6:00,3387,0,2453,507,,69,8,0,24,0,0,325
2020/11/5,7:00,3403,0,2454,509,,68,70,0,18,0,0,284
2020/11/5,8:00,3543,0,2449,498,,69,253,0,10,0,0,264
2020/11/5,9:00,3594,0,2233,426,,69,476,0,10,0,0,380
2020/11/5,10:00,3529,0,2059,427,,69,621,0,11,0,0,344
2020/11/5,11:00,3504,0,2191,416,,68,650,0,12,0,0,167
2020/11/5,12:00,3280,0,2265,424,,68,560,0,17,0,0,-55
2020/11/5,13:00,3430,0,2354,443,,69,506,0,18,0,0,41
2020/11/5,14:00,3442,0,2423,461,,68,384,0,16,0,0,90
2020/11/5,15:00,3419,0,2482,481,,68,199,0,14,0,0,174
2020/11/5,16:00,3478,0,2490,761,,69,40,0,16,0,0,103
2020/11/5,17:00,3544,0,2485,910,,68,1,0,20,0,97,-36
2020/11/5,18:00,3512,0,2486,892,,69,0,0,22,0,54,-11
2020/11/5,19:00,3402,0,2431,774,,69,0,0,22,0,0,107
2020/11/5,20:00,3285,0,2330,662,,68,0,0,17,0,0,208
2020/11/5,21:00,3208,0,2380,544,,69,0,0,18,0,0,198
2020/11/5,22:00,3065,0,2305,563,,69,0,0,13,0,0,115
2020/11/5,23:00,2978,0,2281,572,,69,0,0,14,0,0,42
2020/11/6,0:00,2859,0,2396,506,,68,0,0,18,0,-58,-71
2020/11/6,1:00,2908,0,2396,502,,69,0,0,17,0,-122,46
2020/11/6,2:00,3087,0,2325,554,,69,0,0,16,0,-2,125
2020/11/6,3:00,3284,0,2303,663,,69,0,0,10,0,0,239
2020/11/6,4:00,3350,0,2292,757,,69,0,0,9,0,0,222
2020/11/6,5:00,3305,0,2292,698,,69,0,0,8,0,0,237
2020/11/6,6:00,3290,0,2295,654,,69,4,0,9,0,0,258
2020/11/6,7:00,3352,0,2442,640,,68,36,0,8,0,0,159
2020/11/6,8:00,3559,0,2496,567,,69,101,0,11,0,0,316
2020/11/6,9:00,3730,0,2513,553,,69,167,0,4,0,0,425
2020/11/6,10:00,3712,0,2513,504,,69,202,0,1,0,38,385
2020/11/6,11:00,3658,0,2442,455,,68,209,0,5,0,25,454
2020/11/6,12:00,3453,0,2282,445,,69,243,0,3,0,0,411
2020/11/6,13:00,3559,0,2071,566,,69,264,0,0,0,36,553
2020/11/6,14:00,3538,0,2092,689,,68,169,0,1,0,0,519
2020/11/6,15:00,3482,0,2017,717,,69,91,0,4,0,0,584
2020/11/6,16:00,3520,0,2083,994,,69,14,0,6,0,52,302
2020/11/6,17:00,3533,0,2088,899,,68,1,0,8,0,99,369
2020/11/6,18:00,3482,0,2088,822,,69,0,0,21,0,72,409
2020/11/6,19:00,3334,0,2084,849,,69,0,0,36,0,0,295
2020/11/6,20:00,3204,0,2033,587,,69,0,0,53,0,0,462
2020/11/6,21:00,3091,0,2045,509,,69,0,0,78,0,0,389
2020/11/6,22:00,2998,0,2042,531,,69,0,0,81,0,0,275
2020/11/6,23:00,2901,0,2037,497,,68,0,0,82,0,0,218
2020/11/7,0:00,2752,0,1993,459,,69,0,0,90,0,0,142
2020/11/7,1:00,2751,0,2013,442,,69,0,0,90,0,0,137
2020/11/7,2:00,2957,0,2049,458,,69,0,0,90,0,0,292
2020/11/7,3:00,3108,0,2046,488,,69,0,0,95,0,0,410
2020/11/7,4:00,3091,0,2024,680,,69,1,0,86,0,0,231
2020/11/7,5:00,2979,0,1970,508,,69,0,0,85,0,0,347
2020/11/7,6:00,2787,0,1846,461,,69,2,0,82,0,0,327
2020/11/7,7:00,2735,0,1955,519,,69,19,0,67,0,0,107
2020/11/7,8:00,2900,0,2075,623,,69,39,0,51,0,0,43
2020/11/7,9:00,2966,0,2029,474,,69,94,0,37,0,0,264
2020/11/7,10:00,2980,0,1972,451,,68,106,0,30,0,0,352
2020/11/7,11:00,2966,0,2001,459,,68,106,0,15,0,0,318
2020/11/7,12:00,2894,0,1979,455,,69,101,0,15,0,0,275
2020/11/7,13:00,2923,0,2055,482,,69,87,0,19,0,0,212
2020/11/7,14:00,2913,0,2023,481,,69,44,0,14,0,0,282
2020/11/7,15:00,2892,0,1875,714,,69,21,0,18,0,0,196
2020/11/7,16:00,2948,0,2034,799,,69,2,0,22,0,0,23
2020/11/7,17:00,3004,0,2053,1001,,69,1,0,29,0,0,-148
2020/11/7,18:00,2962,0,2056,987,,69,1,0,34,0,0,-183
2020/11/7,19:00,2858,0,2083,794,,69,1,0,52,0,0,-140
2020/11/7,20:00,2743,0,1984,585,,69,0,0,56,0,0,48
2020/11/7,21:00,2614,0,1984,585,,69,0,0,64,0,0,-88
2020/11/7,22:00,2550,0,1944,579,,69,0,0,80,0,0,-123
2020/11/7,23:00,2468,0,1874,613,,69,0,0,78,0,0,-167
2020/11/8,0:00,2364,0,1775,658,,69,0,0,64,0,0,-201
2020/11/8,1:00,2427,0,1821,656,,69,0,0,68,0,0,-187
2020/11/8,2:00,2632,0,1908,677,,69,0,0,60,0,0,-81
2020/11/8,3:00,2768,0,1872,911,,70,0,0,44,0,0,-129
2020/11/8,4:00,2818,0,1950,895,,69,0,0,33,0,0,-130
2020/11/8,5:00,2692,0,2043,708,,69,0,0,28,0,0,-155
2020/11/8,6:00,2477,0,1933,632,,69,5,0,30,0,0,-191
2020/11/8,7:00,2417,0,1882,660,,69,55,0,30,0,0,-279
2020/11/8,8:00,2491,0,1733,754,,69,108,0,33,0,0,-206
2020/11/8,9:00,2585,0,1760,658,,69,165,0,40,0,0,-108
2020/11/8,10:00,2552,0,1601,572,,69,299,0,54,0,0,-42
2020/11/8,11:00,2527,0,1664,520,,69,416,0,74,0,0,-216
2020/11/8,12:00,2527,0,1934,538,,69,332,0,83,0,-120,-309
2020/11/8,13:00,2497,0,1846,492,,69,292,0,83,0,-120,-164
2020/11/8,14:00,2463,0,1674,505,,69,220,0,94,0,0,-98
2020/11/8,15:00,2495,0,1786,537,,69,87,0,96,0,0,-80
2020/11/8,16:00,2590,0,1972,607,,68,18,0,79,0,0,-153
2020/11/8,17:00,2819,0,2007,787,,69,1,0,78,0,0,-122
2020/11/8,18:00,2840,0,2013,770,,69,1,0,85,0,0,-98
2020/11/8,19:00,2797,0,2006,764,,70,1,0,96,0,0,-139
2020/11/8,20:00,2727,0,1995,718,,69,0,0,102,0,0,-157
2020/11/8,21:00,2585,0,2042,558,,69,0,0,104,0,0,-188
2020/11/8,22:00,2513,0,1997,527,,69,0,0,100,0,0,-180
2020/11/8,23:00,2458,0,1973,532,,70,0,0,86,0,0,-203
2020/11/9,0:00,2361,0,1921,532,,69,0,0,51,0,0,-212
2020/11/9,1:00,2456,0,2038,571,,69,0,0,33,0,0,-254
2020/11/9,2:00,2689,0,1972,588,,69,0,0,34,0,0,26
2020/11/9,3:00,2899,0,2009,588,,70,0,0,38,0,0,194
2020/11/9,4:00,2979,0,2050,562,,69,1,0,40,0,0,258
2020/11/9,5:00,2956,0,2099,539,,69,0,0,34,0,0,216
2020/11/9,6:00,2980,0,2140,534,,70,6,0,25,0,0,206
2020/11/9,7:00,3060,0,2104,545,,69,51,0,31,0,0,260
2020/11/9,8:00,3394,0,2073,752,,69,149,0,18,0,0,334
2020/11/9,9:00,3636,0,2134,670,,69,210,0,21,0,0,532
2020/11/9,10:00,3607,0,1954,536,,68,320,0,30,0,0,699
2020/11/9,11:00,3610,0,1958,513,,69,304,0,31,0,0,737
2020/11/9,12:00,3504,0,2115,603,,69,176,0,36,0,0,504
2020/11/9,13:00,3705,0,2275,523,,69,175,0,23,0,0,642
2020/11/9,14:00,3686,0,2203,502,,68,163,0,26,0,0,724
2020/11/9,15:00,3702,0,2387,601,,69,59,0,30,0,0,556
2020/11/9,16:00,3770,0,2263,738,,69,10,0,29,0,2,660
2020/11/9,17:00,3749,0,2401,585,,68,0,0,25,0,99,571
2020/11/9,18:00,3699,0,2481,496,,69,0,0,33,0,67,552
2020/11/9,19:00,3551,0,2425,540,,69,0,0,19,0,0,499
2020/11/9,20:00,3394,0,2234,803,,68,0,0,19,0,0,271
2020/11/9,21:00,3300,0,2281,638,,69,0,0,11,0,0,301
2020/11/9,22:00,3192,0,2163,442,,69,0,0,35,0,0,483
2020/11/9,23:00,3081,0,2171,465,,69,0,0,19,0,0,357
2020/11/10,0:00,2933,0,2360,465,,69,0,0,46,0,0,-7
2020/11/10,1:00,2961,0,2409,482,,69,0,0,48,0,0,-46
2020/11/10,2:00,3189,0,2511,569,,69,0,0,59,0,0,-18
2020/11/10,3:00,3389,0,2565,664,,69,0,0,48,0,0,43
2020/11/10,4:00,3446,0,2615,691,,70,0,0,39,0,0,31
2020/11/10,5:00,3428,0,2646,509,,68,0,0,23,0,0,181
2020/11/10,6:00,3454,0,2707,506,,69,6,0,11,0,0,155
2020/11/10,7:00,3472,0,2621,470,,69,99,0,7,0,0,206
2020/11/10,8:00,3621,0,2487,503,,69,272,0,3,0,0,288
2020/11/10,9:00,3803,0,2582,480,,69,291,0,3,0,0,378
2020/11/10,10:00,3780,0,2491,490,,69,332,0,3,0,0,395
2020/11/10,11:00,3752,0,2444,425,,69,335,0,5,0,-58,532
2020/11/10,12:00,3583,0,2431,422,,68,273,0,12,0,-120,498
2020/11/10,13:00,3739,0,2485,466,,68,210,0,7,0,-60,563
2020/11/10,14:00,3749,0,2374,459,,69,223,0,12,0,0,612
2020/11/10,15:00,3747,0,2543,505,,69,83,0,9,0,0,538
2020/11/10,16:00,3847,0,2630,692,,68,12,0,8,0,51,386
2020/11/10,17:00,3850,0,2593,830,,69,0,0,12,0,99,246
2020/11/10,18:00,3794,0,2606,856,,69,0,0,21,0,21,220
2020/11/10,19:00,3652,0,2601,590,,69,0,0,34,0,0,358
2020/11/10,20:00,3505,0,2591,468,,68,0,0,52,0,0,327
2020/11/10,21:00,3408,0,2599,473,,69,0,0,56,0,0,212
2020/11/10,22:00,3289,0,2591,482,,68,0,0,44,0,0,103
2020/11/10,23:00,3152,0,2591,555,,69,0,0,37,0,0,-101
2020/11/11,0:00,3014,0,2533,426,,69,0,0,31,0,0,-44
2020/11/11,1:00,3053,0,2482,513,,69,0,0,36,0,0,-47
2020/11/11,2:00,3280,0,2506,552,,69,0,0,46,0,0,108
2020/11/11,3:00,3442,0,2707,478,,69,0,0,48,0,0,140
2020/11/11,4:00,3498,0,2805,638,,68,0,0,45,0,0,-58
2020/11/11,5:00,3491,0,2747,406,,65,0,0,44,0,0,229
2020/11/11,6:00,3507,0,2992,434,,56,4,0,38,0,0,-18
2020/11/11,7:00,3542,0,2819,402,,40,77,0,33,0,0,171
2020/11/11,8:00,3774,0,2819,379,,29,189,0,24,0,0,334
2020/11/11,9:00,3922,0,2744,368,,30,284,0,23,0,0,475
2020/11/11,10:00,3939,0,2749,492,,29,322,0,14,0,0,333
2020/11/11,11:00,3914,0,2713,461,,31,320,0,13,0,-58,435
2020/11/11,12:00,3684,0,2664,396,,36,363,0,13,0,-120,332
2020/11/11,13:00,3742,0,2527,397,,36,382,0,9,0,-60,451
2020/11/11,14:00,3690,0,2414,384,,48,329,0,6,0,0,508
2020/11/11,15:00,3683,0,2574,429,,54,182,0,4,0,-2,442
2020/11/11,16:00,3772,0,2798,567,,60,28,0,5,0,49,265
2020/11/11,17:00,3835,0,2809,777,,63,0,0,5,0,99,83
2020/11/11,18:00,3803,0,2828,695,,67,0,0,7,0,19,187
2020/11/11,19:00,3687,0,2851,550,,69,0,0,13,0,0,203
2020/11/11,20:00,3551,0,2762,505,,69,0,0,11,0,0,204
2020/11/11,21:00,3455,0,2735,487,,69,0,0,16,0,0,148
2020/11/11,22:00,3350,0,2742,397,,69,0,0,19,0,0,124
2020/11/11,23:00,3233,0,2717,412,,70,0,0,14,0,0,21
2020/11/12,0:00,3118,0,2921,409,,69,0,0,16,0,0,-297
2020/11/12,1:00,3160,0,2983,390,,69,0,0,12,0,0,-295
2020/11/12,2:00,3389,0,3025,451,,69,0,0,20,0,0,-176
2020/11/12,3:00,3538,0,3028,435,,69,0,0,23,0,0,-17
2020/11/12,4:00,3587,0,3058,469,,69,0,0,27,0,0,-36
2020/11/12,5:00,3581,0,3019,654,,69,0,0,28,0,0,-189
2020/11/12,6:00,3637,0,3004,657,,69,7,0,27,0,0,-127
2020/11/12,7:00,3586,0,3026,479,,68,97,0,29,0,0,-113
2020/11/12,8:00,3703,0,2856,641,,66,305,0,19,0,0,-184
2020/11/12,9:00,3808,0,2691,388,,63,473,0,18,0,0,176
2020/11/12,10:00,3717,0,2393,369,,61,596,0,15,0,0,283
2020/11/12,11:00,3633,0,2468,368,,62,657,0,14,0,0,64
2020/11/12,12:00,3386,0,2419,347,,62,646,0,10,0,-118,20
2020/11/12,13:00,3518,0,2402,377,,61,541,0,6,0,-120,251
2020/11/12,14:00,3511,0,2419,387,,62,388,0,2,0,0,253
2020/11/12,15:00,3506,0,2542,452,,62,191,0,1,0,0,258
2020/11/12,16:00,3579,0,2506,558,,62,31,0,5,0,52,363
2020/11/12,17:00,3664,0,2561,788,,62,1,0,12,0,99,141
2020/11/12,18:00,3643,0,2624,805,,63,0,0,16,0,23,113
2020/11/12,19:00,3537,0,2647,723,,66,0,0,14,0,0,87
2020/11/12,20:00,3418,0,2655,553,,69,0,0,9,0,0,133
2020/11/12,21:00,3337,0,2644,468,,69,0,0,7,0,0,149
2020/11/12,22:00,3224,0,2593,407,,69,0,0,3,0,0,153
2020/11/12,23:00,3126,0,2561,431,,70,0,0,3,0,0,61
2020/11/13,0:00,2995,0,2363,361,,69,0,0,1,0,0,201
2020/11/13,1:00,3039,0,2364,359,,69,0,0,2,0,0,244
2020/11/13,2:00,3244,0,2434,511,,69,0,0,4,0,0,227
2020/11/13,3:00,3421,0,2419,714,,69,0,0,5,0,0,215
2020/11/13,4:00,3482,0,2309,691,,69,0,0,3,0,0,410
2020/11/13,5:00,3431,0,2476,532,,69,0,0,3,0,0,351
2020/11/13,6:00,3437,0,2644,477,,69,6,0,6,0,0,235
2020/11/13,7:00,3370,0,2609,472,,69,117,0,5,0,0,98
2020/11/13,8:00,3458,0,2551,416,,65,324,0,2,0,0,99
2020/11/13,9:00,3513,0,2467,380,,62,495,0,0,0,0,107
2020/11/13,10:00,3474,0,2465,387,,62,617,0,1,0,0,-58
2020/11/13,11:00,3405,0,2449,380,,61,613,0,5,0,0,-102
2020/11/13,12:00,3194,0,2427,394,,62,587,0,10,0,-118,-168
2020/11/13,13:00,3320,0,2529,386,,62,502,0,12,0,0,-171
2020/11/13,14:00,3344,0,2625,394,,62,372,0,11,0,0,-120
2020/11/13,15:00,3350,0,2623,448,,61,189,0,9,0,3,17
2020/11/13,16:00,3403,0,2602,589,,62,29,0,15,0,99,7
2020/11/13,17:00,3457,0,2625,755,,62,1,0,19,0,99,-104
2020/11/13,18:00,3405,0,2458,763,,62,0,0,22,0,99,2
2020/11/13,19:00,3291,0,2341,667,,63,0,0,24,0,99,96
2020/11/13,20:00,3156,0,2317,584,,62,0,0,27,0,39,127
2020/11/13,21:00,3065,0,2286,601,,63,0,0,18,0,0,97
2020/11/13,22:00,2999,0,2228,557,,62,0,0,21,0,0,131
2020/11/13,23:00,2923,0,2234,518,,62,0,0,22,0,0,87
2020/11/14,0:00,2797,0,2329,451,,62,0,0,33,0,0,-78
2020/11/14,1:00,2826,0,2431,436,,62,0,0,45,0,0,-149
2020/11/14,2:00,3037,0,2369,559,,62,0,0,39,0,0,8
2020/11/14,3:00,3206,0,2341,672,,64,0,0,32,0,0,97
2020/11/14,4:00,3247,0,2325,654,,62,0,0,28,0,0,177
2020/11/14,5:00,3140,0,2270,587,,62,0,0,22,0,0,199
2020/11/14,6:00,2973,0,2384,459,,63,6,0,18,0,0,43
2020/11/14,7:00,2908,0,2432,382,,62,86,0,13,0,0,-67
2020/11/14,8:00,2871,0,2283,366,,62,306,0,8,0,0,-154
2020/11/14,9:00,2859,0,2139,352,,62,499,0,10,0,0,-203
2020/11/14,10:00,2818,0,2154,347,,61,623,0,11,0,-118,-260
2020/11/14,11:00,2759,0,1995,352,,62,627,0,12,0,-120,-169
2020/11/14,12:00,2691,0,1912,348,,62,619,0,13,0,-120,-144
2020/11/14,13:00,2666,0,1978,355,,62,564,0,13,0,-120,-186
2020/11/14,14:00,2630,0,2002,337,,63,402,0,14,0,-28,-159
2020/11/14,15:00,2653,0,2185,345,,62,197,0,12,0,0,-148
2020/11/14,16:00,2775,0,2293,489,,61,32,0,11,0,0,-110
2020/11/14,17:00,2969,0,2346,575,,63,0,0,11,0,0,-27
2020/11/14,18:00,3001,0,2392,631,,61,0,0,7,0,0,-90
2020/11/14,19:00,2948,0,2467,566,,62,0,0,5,0,0,-152
2020/11/14,20:00,2869,0,2482,447,,62,0,0,4,0,0,-126
2020/11/14,21:00,2757,0,2435,356,,61,0,0,6,0,0,-100
2020/11/14,22:00,2676,0,2409,349,,62,0,0,8,0,0,-152
2020/11/14,23:00,2660,0,2431,338,,62,0,0,4,0,0,-174
2020/11/15,0:00,2553,0,2462,331,,62,0,0,5,0,0,-307
2020/11/15,1:00,2617,0,2455,354,,62,0,0,8,0,0,-262
2020/11/15,2:00,2865,0,2462,410,,63,0,0,11,0,0,-82
2020/11/15,3:00,3041,0,2425,567,,62,0,0,11,0,0,-24
2020/11/15,4:00,3084,0,2390,607,,63,0,0,11,0,0,13
2020/11/15,5:00,2984,0,2444,518,,62,0,0,4,0,0,-45
2020/11/15,6:00,2838,0,2455,400,,62,7,0,3,0,0,-90
2020/11/15,7:00,2720,0,2412,386,,61,116,0,6,0,0,-261
2020/11/15,8:00,2641,0,2283,342,,62,330,0,11,0,0,-388
2020/11/15,9:00,2606,0,2074,323,,62,523,0,9,0,0,-386
2020/11/15,10:00,2520,0,1865,332,,62,647,0,12,0,0,-399
2020/11/15,11:00,2480,0,1682,339,,63,684,0,18,0,0,-305
2020/11/15,12:00,2466,0,1737,326,,61,665,0,24,0,0,-347
2020/11/15,13:00,2402,0,1814,328,,63,558,0,35,0,0,-396
2020/11/15,14:00,2399,0,1870,327,,61,382,0,39,0,0,-281
2020/11/15,15:00,2440,0,2141,322,,63,175,0,45,0,0,-305
2020/11/15,16:00,2542,0,2293,337,,62,29,0,61,0,0,-239
2020/11/15,17:00,2788,0,2363,570,,61,1,0,51,0,0,-257
2020/11/15,18:00,2821,0,2300,630,,62,0,0,41,0,0,-213
2020/11/15,19:00,2764,0,2191,659,,62,0,0,39,0,0,-188
2020/11/15,20:00,2712,0,2171,553,,63,0,0,40,0,0,-114
2020/11/15,21:00,2579,0,2288,437,,62,0,0,36,0,0,-244
2020/11/15,22:00,2516,0,2322,377,,62,0,0,36,0,0,-281
2020/11/15,23:00,2455,0,2361,336,,62,0,0,45,0,0,-350
2020/11/16,0:00,2413,0,2291,334,,62,0,0,43,0,0,-317
2020/11/16,1:00,2502,0,2290,326,,63,0,0,47,0,0,-224
2020/11/16,2:00,2733,0,2329,363,,62,0,0,41,0,0,-63
2020/11/16,3:00,2919,0,2339,362,,63,0,0,39,0,0,116
2020/11/16,4:00,2988,0,2436,540,,64,0,0,33,0,0,-84
2020/11/16,5:00,2952,0,2424,379,,62,0,0,43,0,0,43
2020/11/16,6:00,2889,0,2315,341,,62,4,0,41,0,0,126
2020/11/16,7:00,2927,0,2360,373,,62,54,0,28,0,0,49
2020/11/16,8:00,3205,0,2326,383,,62,176,0,27,0,0,231
2020/11/16,9:00,3368,0,2289,360,,62,329,0,20,0,0,308
2020/11/16,10:00,3405,0,2228,451,,61,341,0,18,0,0,306
2020/11/16,11:00,3351,0,2091,337,,62,461,0,19,0,0,381
2020/11/16,12:00,3151,0,2100,320,,62,488,0,22,0,-118,277
2020/11/16,13:00,3320,0,2185,317,,61,436,0,14,0,0,308
2020/11/16,14:00,3331,0,2193,349,,62,351,0,11,0,0,364
2020/11/16,15:00,3322,0,2223,586,,62,167,0,10,0,0,274
2020/11/16,16:00,3390,0,2255,742,,61,25,0,14,0,2,291
2020/11/16,17:00,3420,0,2365,822,,62,0,0,16,0,90,64
2020/11/16,18:00,3360,0,2341,756,,62,0,0,12,0,0,188
2020/11/16,19:00,3243,0,2280,728,,61,0,0,11,0,0,163
2020/11/16,20:00,3129,0,2283,610,,62,0,0,10,0,0,164
2020/11/16,21:00,3065,0,2308,490,,63,0,0,7,0,0,199
2020/11/16,22:00,2989,0,2367,329,,62,0,0,9,0,0,222
2020/11/16,23:00,2910,0,2355,328,,62,0,0,10,0,0,156
2020/11/17,0:00,2786,0,2399,315,,62,0,0,14,0,0,-5
2020/11/17,1:00,2875,0,2434,310,,62,0,0,13,0,0,57
2020/11/17,2:00,3124,0,2467,339,,63,0,0,12,0,0,244
2020/11/17,3:00,3313,0,2471,369,,63,0,0,16,0,0,395
2020/11/17,4:00,3352,0,2470,339,,61,0,0,20,0,0,462
2020/11/17,5:00,3313,0,2375,403,,62,0,0,21,0,0,451
2020/11/17,6:00,3320,0,2402,520,,62,5,0,25,0,0,305
2020/11/17,7:00,3311,0,2344,372,,62,92,0,23,0,0,417
2020/11/17,8:00,3429,0,2419,343,,62,290,0,9,0,0,306
2020/11/17,9:00,3518,0,2326,300,,62,478,0,3,0,0,349
2020/11/17,10:00,3450,0,2325,315,,62,611,0,3,0,0,135
2020/11/17,11:00,3425,0,2385,315,,61,649,0,1,0,-116,130
2020/11/17,12:00,3227,0,2371,312,,62,632,0,1,0,0,-150
2020/11/17,13:00,3392,0,2443,301,,62,528,0,0,0,0,57
2020/11/17,14:00,3408,0,2444,300,,62,363,0,3,0,0,237
2020/11/17,15:00,3412,0,2429,338,,62,165,0,8,0,0,411
2020/11/17,16:00,3471,0,2357,579,,61,25,0,24,0,3,423
2020/11/17,17:00,3508,0,2327,695,,62,1,0,40,0,82,302
2020/11/17,18:00,3467,0,2419,677,,62,0,0,34,0,0,274
2020/11/17,19:00,3334,0,2378,586,,62,0,0,28,0,0,279
2020/11/17,20:00,3207,0,2426,419,,62,0,0,24,0,0,277
2020/11/17,21:00,3121,0,2439,377,,62,0,0,20,0,0,223
2020/11/17,22:00,3034,0,2371,334,,62,0,0,23,0,0,244
2020/11/17,23:00,2966,0,2383,332,,62,0,0,32,0,0,158
2020/11/18,0:00,2839,0,2367,300,,61,0,0,33,0,0,78
2020/11/18,1:00,2912,0,2365,297,,62,0,0,43,0,0,145
2020/11/18,2:00,3141,0,2434,315,,62,0,0,54,0,0,276
2020/11/18,3:00,3315,0,2385,475,,62,0,0,58,0,0,335
2020/11/18,4:00,3343,0,2374,639,,62,0,0,65,0,0,203
2020/11/18,5:00,3289,0,2324,615,,62,0,0,61,0,0,227
2020/11/18,6:00,3225,0,2308,548,,59,5,0,59,0,0,246
2020/11/18,7:00,3179,0,2287,428,,54,96,0,56,0,0,258
2020/11/18,8:00,3350,0,2366,342,,54,273,0,37,0,0,278
2020/11/18,9:00,3454,0,2358,292,,54,458,0,25,0,0,267
2020/11/18,10:00,3398,0,2273,293,,53,590,0,21,0,0,168
2020/11/18,11:00,3374,0,2300,296,,54,619,0,16,0,0,89
2020/11/18,12:00,3183,0,2297,318,,54,617,0,11,0,0,-114
2020/11/18,13:00,3344,0,2309,293,,54,530,0,6,0,0,151
2020/11/18,14:00,3383,0,2432,337,,54,371,0,5,0,0,184
2020/11/18,15:00,3368,0,2445,465,,58,162,0,3,0,0,234
2020/11/18,16:00,3403,0,2416,663,,62,18,0,3,0,0,241
2020/11/18,17:00,3390,0,2548,762,,61,1,0,2,0,0,16
2020/11/18,18:00,3303,0,2510,788,,63,0,0,7,0,0,-65
2020/11/18,19:00,3155,0,2450,755,,63,0,0,13,0,0,-126
2020/11/18,20:00,3027,0,2392,485,,62,0,0,17,0,0,70
2020/11/18,21:00,2965,0,2439,327,,63,0,0,20,0,0,116
2020/11/18,22:00,2892,0,2332,330,,62,0,0,26,0,0,143
2020/11/18,23:00,2821,0,2278,334,,62,0,0,31,0,0,116
2020/11/19,0:00,2695,0,2285,348,,62,0,0,30,0,0,-29
2020/11/19,1:00,2768,0,2304,374,,61,0,0,28,0,0,1
2020/11/19,2:00,2987,0,2307,360,,62,0,0,26,0,0,232
2020/11/19,3:00,3166,0,2301,411,,62,0,0,36,0,0,355
2020/11/19,4:00,3194,0,2250,494,,62,0,0,29,0,0,359
2020/11/19,5:00,3117,0,2242,569,,61,0,0,41,0,0,205
2020/11/19,6:00,3011,0,2274,569,,62,4,0,55,0,0,48
2020/11/19,7:00,2962,0,2262,555,,61,94,0,56,0,0,-66
2020/11/19,8:00,3178,0,2356,348,,60,294,0,46,0,0,74
2020/11/19,9:00,3350,0,2280,317,,60,454,0,45,0,0,195
2020/11/19,10:00,3384,0,2276,318,,61,548,0,67,0,0,114
2020/11/19,11:00,3362,0,2248,305,,60,628,0,95,0,0,25
2020/11/19,12:00,3188,0,2245,301,,61,606,0,97,0,0,-122
2020/11/19,13:00,3360,0,2421,321,,60,410,0,85,0,0,62
2020/11/19,14:00,3409,0,2492,399,,61,254,0,82,0,0,121
2020/11/19,15:00,3373,0,2364,474,,60,169,0,85,0,0,220
2020/11/19,16:00,3378,0,2459,600,,62,21,0,87,0,0,149
2020/11/19,17:00,3364,0,2418,720,,60,1,0,88,0,0,77
2020/11/19,18:00,3289,0,2376,769,,62,0,0,84,0,0,-2
2020/11/19,19:00,3129,0,2396,611,,61,0,0,81,0,0,-20
2020/11/19,20:00,3009,0,2371,380,,61,0,0,82,0,0,115
2020/11/19,21:00,2933,0,2455,317,,60,0,0,86,0,0,15
2020/11/19,22:00,2870,0,2353,307,,62,0,0,98,0,0,51
2020/11/19,23:00,2792,0,2330,319,,62,0,0,100,0,0,-18
2020/11/20,0:00,2712,0,2436,340,,62,0,0,89,0,0,-215
2020/11/20,1:00,2759,0,2410,329,,62,0,0,83,0,0,-124
2020/11/20,2:00,2947,0,2494,541,,61,0,0,94,0,0,-244
2020/11/20,3:00,3068,0,2520,603,,62,0,0,112,0,0,-229
2020/11/20,4:00,3088,0,2567,584,,62,1,0,105,0,0,-231
2020/11/20,5:00,3018,0,2632,430,,62,1,0,103,0,0,-210
2020/11/20,6:00,2936,0,2708,454,,62,2,0,101,0,0,-391
2020/11/20,7:00,2919,0,2612,371,,61,42,0,107,0,0,-274
2020/11/20,8:00,3164,0,2713,376,,61,112,0,106,0,0,-204
2020/11/20,9:00,3393,0,2669,475,,60,185,0,94,0,0,-90
2020/11/20,10:00,3479,0,2821,445,,61,74,0,89,0,0,-12
2020/11/20,11:00,3493,0,2856,390,,62,38,0,88,0,0,58
2020/11/20,12:00,3299,0,2805,392,,67,43,0,100,0,0,-109
2020/11/20,13:00,3438,0,2864,467,,68,39,0,103,0,0,-102
2020/11/20,14:00,3446,0,2804,533,,69,27,0,80,0,0,-67
2020/11/20,15:00,3390,0,2798,567,,69,10,0,51,0,0,-105
2020/11/20,16:00,3397,0,2768,823,,69,1,0,38,0,0,-302
2020/11/20,17:00,3355,0,2651,893,,69,1,0,50,0,0,-308
2020/11/20,18:00,3225,0,2453,842,,69,1,0,43,0,0,-182
2020/11/20,19:00,3083,0,2339,778,,69,1,0,40,0,0,-143
2020/11/20,20:00,2969,0,2305,684,,69,0,0,54,0,0,-143
2020/11/20,21:00,2903,0,2117,594,,68,0,0,63,0,0,62
2020/11/20,22:00,2841,0,2046,599,,70,0,0,77,0,0,50
2020/11/20,23:00,2770,0,2046,580,,69,0,0,80,0,0,-5
2020/11/21,0:00,2654,0,2069,559,,68,0,0,75,0,0,-118
2020/11/21,1:00,2673,0,2112,539,,69,0,0,87,0,0,-133
2020/11/21,2:00,2882,0,2225,572,,69,0,0,99,0,0,-82
2020/11/21,3:00,3051,0,2142,683,,70,0,0,117,0,0,39
2020/11/21,4:00,3087,0,2186,843,,69,1,0,121,0,0,-132
2020/11/21,5:00,2976,0,2078,819,,68,0,0,123,0,0,-112
2020/11/21,6:00,2793,0,2074,591,,70,2,0,114,0,0,-57
2020/11/21,7:00,2719,0,1999,617,,68,43,0,95,0,0,-103
2020/11/21,8:00,2821,0,1933,602,,69,153,0,54,0,0,12
2020/11/21,9:00,2848,0,1861,585,,69,295,0,20,0,0,19
2020/11/21,10:00,2805,0,1721,597,,69,530,0,7,0,0,-118
2020/11/21,11:00,2770,0,1689,588,,69,569,0,9,0,0,-154
2020/11/21,12:00,2644,0,1638,574,,68,583,0,16,0,0,-235
2020/11/21,13:00,2637,0,1752,593,,69,481,0,21,0,0,-278
2020/11/21,14:00,2668,0,1801,638,,69,301,0,15,0,0,-157
2020/11/21,15:00,2701,0,1933,626,,69,130,0,11,0,0,-66
2020/11/21,16:00,2787,0,2194,620,,69,21,0,8,0,0,-124
2020/11/21,17:00,2942,0,2254,738,,69,0,0,11,0,0,-129
2020/11/21,18:00,2947,0,2098,880,,69,0,0,11,0,0,-111
2020/11/21,19:00,2885,0,2143,783,,69,0,0,9,0,0,-118
2020/11/21,20:00,2790,0,2124,659,,69,0,0,5,0,0,-67
2020/11/21,21:00,2710,0,2155,592,,68,0,0,2,0,0,-107
2020/11/21,22:00,2625,0,2056,553,,70,0,0,2,0,0,-55
2020/11/21,23:00,2583,0,1993,536,,69,0,0,4,0,0,-20
2020/11/22,0:00,2475,0,2181,521,,69,0,0,7,0,0,-304
2020/11/22,1:00,2549,0,2075,628,,69,0,0,9,0,0,-232
2020/11/22,2:00,2769,0,2166,786,,69,0,0,8,0,0,-260
2020/11/22,3:00,2933,0,2263,898,,69,0,0,11,0,0,-309
2020/11/22,4:00,3000,0,2254,941,,69,0,0,17,0,0,-282
2020/11/22,5:00,2904,0,2411,715,,69,0,0,18,0,0,-308
2020/11/22,6:00,2748,0,2374,573,,69,3,0,11,0,0,-282
2020/11/22,7:00,2575,0,2290,542,,69,93,0,5,0,0,-424
2020/11/22,8:00,2483,0,2067,491,,69,296,0,11,0,0,-450
2020/11/22,9:00,2463,0,1797,495,,69,478,0,14,0,0,-389
2020/11/22,10:00,2455,0,1701,487,,68,563,0,24,0,0,-387
2020/11/22,11:00,2421,0,1898,490,,69,484,0,61,0,0,-581
2020/11/22,12:00,2428,0,1899,483,,68,462,0,93,0,0,-577
2020/11/22,13:00,2399,0,1897,483,,68,338,0,92,0,0,-478
2020/11/22,14:00,2387,0,2013,494,,69,187,0,92,0,0,-467
2020/11/22,15:00,2429,0,1986,612,,68,66,0,92,0,0,-395
2020/11/22,16:00,2568,0,2139,696,,69,6,0,92,0,0,-434
2020/11/22,17:00,2715,0,2146,685,,68,0,0,94,0,0,-278
2020/11/22,18:00,2738,0,2205,706,,69,1,0,85,0,0,-328
2020/11/22,19:00,2669,0,2258,664,,70,0,0,80,0,0,-403
2020/11/22,20:00,2620,0,2123,680,,68,0,0,89,0,0,-341
2020/11/22,21:00,2506,0,2138,617,,69,0,0,96,0,0,-414
2020/11/22,22:00,2478,0,2151,528,,69,0,0,80,0,0,-350
2020/11/22,23:00,2428,0,2070,518,,69,0,0,90,0,0,-319
2020/11/23,0:00,2334,0,2054,507,,69,0,0,90,0,0,-386
2020/11/23,1:00,2395,0,2085,589,,69,0,0,99,0,0,-447
2020/11/23,2:00,2637,0,2051,791,,69,0,0,107,0,0,-380
2020/11/23,3:00,2842,0,2064,872,,70,0,0,101,0,0,-265
2020/11/23,4:00,2896,0,2099,895,,68,1,0,102,0,0,-269
2020/11/23,5:00,2799,0,2113,750,,70,1,0,81,0,0,-214
2020/11/23,6:00,2619,0,2157,670,,69,1,0,52,0,0,-330
2020/11/23,7:00,2657,0,2201,632,,69,16,0,27,0,0,-287
2020/11/23,8:00,2878,0,2270,655,,69,68,0,20,0,0,-203
2020/11/23,9:00,3009,0,2200,715,,69,156,0,15,0,0,-146
2020/11/23,10:00,2978,0,2027,712,,68,307,0,16,0,0,-152
2020/11/23,11:00,2965,0,2064,717,,68,312,0,20,0,0,-218
2020/11/23,12:00,2916,0,2123,693,,68,294,0,34,0,-58,-238
2020/11/23,13:00,2958,0,2307,691,,68,217,0,41,0,0,-366
2020/11/23,14:00,2954,0,2282,668,,68,111,0,38,0,0,-212
2020/11/23,15:00,2970,0,2253,675,,68,65,0,30,0,0,-120
2020/11/23,16:00,3091,0,2267,700,,68,11,0,35,0,0,10
2020/11/23,17:00,3255,0,2311,824,,67,0,0,42,0,0,11
2020/11/23,18:00,3251,0,2340,899,,67,0,0,46,0,0,-102
2020/11/23,19:00,3164,0,2377,687,,67,0,0,40,0,0,-8
2020/11/23,20:00,3074,0,2349,643,,67,0,0,30,0,0,-15
2020/11/23,21:00,2964,0,2345,621,,67,0,0,12,0,0,-81
2020/11/23,22:00,2874,0,2272,627,,67,0,0,4,0,0,-96
2020/11/23,23:00,2797,0,2287,623,,67,0,0,5,0,0,-185
2020/11/24,0:00,2727,0,2210,595,,66,0,0,6,0,0,-150
2020/11/24,1:00,2804,0,2290,604,,67,0,0,6,0,0,-163
2020/11/24,2:00,3042,0,2375,654,,67,0,0,5,0,0,-58
2020/11/24,3:00,3266,0,2359,655,,67,0,0,4,0,0,181
2020/11/24,4:00,3353,0,2364,850,,67,0,0,6,0,0,66
2020/11/24,5:00,3380,0,2396,725,,67,0,0,5,0,0,187
2020/11/24,6:00,3397,0,2425,719,,67,3,0,4,0,0,179
2020/11/24,7:00,3386,0,2420,613,,66,87,0,6,0,0,194
2020/11/24,8:00,3572,0,2397,552,,65,237,0,2,0,0,318
2020/11/24,9:00,3699,0,2306,528,,66,375,0,1,0,0,423
2020/11/24,10:00,3567,0,2186,492,,66,589,0,2,0,0,232
2020/11/24,11:00,3507,0,2145,511,,66,621,0,1,0,0,163
2020/11/24,12:00,3328,0,2153,523,,66,550,0,2,0,0,34
2020/11/24,13:00,3506,0,2207,522,,67,420,0,2,0,0,288
2020/11/24,14:00,3525,0,2293,543,,66,248,0,6,0,0,370
2020/11/24,15:00,3514,0,2224,598,,67,154,0,6,0,0,465
2020/11/24,16:00,3623,0,2424,746,,67,19,0,7,0,0,361
2020/11/24,17:00,3690,0,2392,898,,66,0,0,12,0,96,225
2020/11/24,18:00,3637,0,2316,931,,66,0,0,15,0,99,210
2020/11/24,19:00,3515,0,2301,849,,66,0,0,13,0,9,277
2020/11/24,20:00,3397,0,2322,583,,67,0,0,11,0,0,414
2020/11/24,21:00,3288,0,2290,543,,67,0,0,11,0,0,377
2020/11/24,22:00,3189,0,2265,538,,67,0,0,13,0,0,307
2020/11/24,23:00,3077,0,2260,526,,67,0,0,13,0,0,211
2020/11/25,0:00,2911,0,2251,527,,67,0,0,13,0,0,52
2020/11/25,1:00,2981,0,2294,544,,67,0,0,12,0,0,64
2020/11/25,2:00,3210,0,2409,546,,67,0,0,10,0,0,179
2020/11/25,3:00,3404,0,2427,633,,67,0,0,8,0,0,269
2020/11/25,4:00,3471,0,2381,757,,67,0,0,7,0,0,258
2020/11/25,5:00,3475,0,2416,755,,67,0,0,9,0,0,228
2020/11/25,6:00,3499,0,2434,597,,68,4,0,8,0,0,388
2020/11/25,7:00,3468,0,2373,492,,67,92,0,8,0,0,437
2020/11/25,8:00,3562,0,2383,562,,67,272,0,6,0,0,272
2020/11/25,9:00,3665,0,2336,468,,65,413,0,1,0,0,382
2020/11/25,10:00,3586,0,2277,428,,65,525,0,1,0,0,290
2020/11/25,11:00,3522,0,2337,443,,66,508,0,1,0,-58,225
2020/11/25,12:00,3323,0,2270,459,,66,471,0,1,0,-120,176
2020/11/25,13:00,3461,0,2247,477,,67,397,0,5,0,-58,326
2020/11/25,14:00,3464,0,2229,489,,67,301,0,9,0,0,369
2020/11/25,15:00,3456,0,2244,492,,66,147,0,10,0,0,498
2020/11/25,16:00,3538,0,2313,603,,66,18,0,21,0,82,436
2020/11/25,17:00,3600,0,2321,853,,66,0,0,28,0,83,248
2020/11/25,18:00,3557,0,2250,869,,66,0,0,25,0,0,347
2020/11/25,19:00,3438,0,2250,699,,67,0,0,21,0,0,400
2020/11/25,20:00,3302,0,2231,591,,66,0,0,20,0,0,393
2020/11/25,21:00,3225,0,2331,558,,66,0,0,16,0,0,255
2020/11/25,22:00,3129,0,2321,520,,67,0,0,13,0,0,208
2020/11/25,23:00,3022,0,2324,504,,66,0,0,12,0,0,117
2020/11/26,0:00,2889,0,2377,476,,67,0,0,12,0,0,-43
2020/11/26,1:00,2956,0,2437,461,,66,0,0,12,0,0,-20
2020/11/26,2:00,3174,0,2468,559,,67,0,0,15,0,0,65
2020/11/26,3:00,3362,0,2481,615,,66,0,0,15,0,0,185
2020/11/26,4:00,3440,0,2459,657,,66,0,0,17,0,0,240
2020/11/26,5:00,3393,0,2454,649,,65,0,0,17,0,0,208
2020/11/26,6:00,3386,0,2434,489,,65,3,0,17,0,49,330
2020/11/26,7:00,3378,0,2354,493,,65,43,0,17,0,0,407
2020/11/26,8:00,3622,0,2425,507,,66,59,0,22,0,0,542
2020/11/26,9:00,3854,0,2474,502,,66,60,0,18,0,0,735
2020/11/26,10:00,3870,0,2471,506,,65,105,0,22,0,0,700
2020/11/26,11:00,3846,0,2329,501,,66,112,0,29,0,0,809
2020/11/26,12:00,3636,0,2425,420,,65,108,0,28,0,-116,706
2020/11/26,13:00,3807,0,2423,495,,65,99,0,38,0,-118,806
2020/11/26,14:00,3820,0,2371,471,,65,68,0,50,0,0,794
2020/11/26,15:00,3774,0,2384,482,,66,34,0,46,0,1,762
2020/11/26,16:00,3830,0,2389,581,,66,3,0,36,0,75,679
2020/11/26,17:00,3804,0,2275,759,,65,0,0,43,0,75,587
2020/11/26,18:00,3724,0,2332,728,,66,0,0,47,0,7,544
2020/11/26,19:00,3551,0,2307,711,,65,0,0,46,0,0,422
2020/11/26,20:00,3414,0,2294,564,,66,0,0,53,0,0,437
2020/11/26,21:00,3313,0,2327,497,,65,0,0,53,0,0,370
2020/11/26,22:00,3175,0,2293,470,,67,0,0,43,0,0,304
2020/11/26,23:00,3069,0,2328,474,,67,0,0,42,0,0,159
2020/11/27,0:00,2926,0,2291,461,,66,0,0,36,0,0,73
2020/11/27,1:00,2981,0,2250,513,,66,0,0,28,0,0,125
2020/11/27,2:00,3197,0,2311,462,,67,0,0,30,0,0,328
2020/11/27,3:00,3403,0,2412,434,,66,0,0,28,0,0,464
2020/11/27,4:00,3476,0,2363,449,,67,0,0,28,0,0,570
2020/11/27,5:00,3442,0,2358,461,,66,0,0,28,0,0,530
2020/11/27,6:00,3457,0,2355,642,,66,2,0,28,0,0,364
2020/11/27,7:00,3424,0,2305,688,,65,75,0,31,0,0,259
2020/11/27,8:00,3525,0,2193,492,,65,262,0,21,0,0,492
2020/11/27,9:00,3613,0,2156,437,,66,436,0,24,0,0,494
2020/11/27,10:00,3528,0,2097,427,,66,546,0,32,0,0,360
2020/11/27,11:00,3460,0,2009,406,,65,567,0,15,0,0,399
2020/11/27,12:00,3265,0,1972,405,,66,505,0,6,0,0,311
2020/11/27,13:00,3404,0,2032,466,,67,379,0,3,0,0,458
2020/11/27,14:00,3486,0,2158,509,,66,173,0,2,0,0,578
2020/11/27,15:00,3494,0,2372,565,,66,44,0,6,0,3,439
2020/11/27,16:00,3572,0,2279,844,,66,5,0,28,0,99,250
2020/11/27,17:00,3585,0,2282,875,,67,1,0,37,0,99,224
2020/11/27,18:00,3519,0,2359,868,,66,0,0,37,0,100,89
2020/11/27,19:00,3377,0,2283,735,,66,1,0,26,0,1,265
2020/11/27,20:00,3240,0,2262,647,,66,0,0,57,0,0,208
2020/11/27,21:00,3143,0,2346,518,,67,0,0,87,0,0,126
2020/11/27,22:00,3030,0,2224,452,,66,0,0,107,0,0,182
2020/11/27,23:00,2980,0,2285,452,,67,0,0,113,0,0,63
2020/11/28,0:00,2793,0,2294,478,,66,0,0,96,0,0,-141
2020/11/28,1:00,2864,0,2270,531,,67,0,0,95,0,0,-98
2020/11/28,2:00,3072,0,2327,575,,66,0,0,81,0,0,24
2020/11/28,3:00,3258,0,2380,710,,67,0,0,76,0,0,25
2020/11/28,4:00,3295,0,2364,826,,66,0,0,68,0,0,-30
2020/11/28,5:00,3168,0,2398,721,,67,0,0,46,0,0,-64
2020/11/28,6:00,3002,0,2412,615,,66,1,0,48,0,0,-140
2020/11/28,7:00,2968,0,2325,592,,66,30,0,62,0,0,-108
2020/11/28,8:00,3113,0,2321,613,,66,96,0,73,0,0,-56
2020/11/28,9:00,3282,0,2288,638,,65,139,0,92,0,0,60
2020/11/28,10:00,3283,0,2254,630,,66,203,0,91,0,0,40
2020/11/28,11:00,3237,0,2232,610,,66,252,0,83,0,0,-4
2020/11/28,12:00,3137,0,2422,566,,66,250,0,62,0,0,-228
2020/11/28,13:00,3122,0,2362,547,,66,230,0,57,0,0,-140
2020/11/28,14:00,3141,0,2550,618,,66,89,0,58,0,0,-240
2020/11/28,15:00,3149,0,2630,604,,66,38,0,56,0,0,-244
2020/11/28,16:00,3262,0,2743,842,,67,5,0,42,0,0,-436
2020/11/28,17:00,3377,0,2830,965,,66,0,0,32,0,0,-516
2020/11/28,18:00,3351,0,2845,774,,66,0,0,35,0,0,-368
2020/11/28,19:00,3262,0,2655,847,,67,0,0,36,0,0,-342
2020/11/28,20:00,3151,0,2486,685,,66,0,0,42,0,0,-128
2020/11/28,21:00,3004,0,2396,548,,66,0,0,43,0,0,-48
2020/11/28,22:00,2898,0,2375,521,,67,0,0,41,0,0,-105
2020/11/28,23:00,2836,0,2335,513,,66,0,0,34,0,0,-112
2020/11/29,0:00,2737,0,2321,492,,67,0,0,40,0,0,-182
2020/11/29,1:00,2790,0,2293,460,,66,0,0,35,0,0,-64
2020/11/29,2:00,2980,0,2284,472,,68,0,0,32,0,0,124
2020/11/29,3:00,3131,0,2390,537,,66,0,0,16,0,0,121
2020/11/29,4:00,3153,0,2283,655,,68,0,0,6,0,0,141
2020/11/29,5:00,3027,0,2298,556,,66,0,0,1,0,0,105
2020/11/29,6:00,2851,0,2305,501,,67,1,0,1,0,0,-24
2020/11/29,7:00,2772,0,2333,527,,66,27,0,1,0,0,-182
2020/11/29,8:00,2840,0,2297,501,,66,120,0,1,0,0,-145
2020/11/29,9:00,2849,0,1979,526,,67,266,0,0,0,0,11
2020/11/29,10:00,2747,0,1924,492,,66,406,0,0,0,0,-140
2020/11/29,11:00,2626,0,2017,475,,66,533,0,0,0,0,-465
2020/11/29,12:00,2595,0,1995,462,,67,539,0,0,0,0,-467
2020/11/29,13:00,2551,0,2047,452,,66,447,0,0,0,0,-461
2020/11/29,14:00,2570,0,1941,483,,66,263,0,1,0,0,-183
2020/11/29,15:00,2635,0,2051,602,,67,109,0,2,0,0,-196
2020/11/29,16:00,2797,0,2295,520,,66,15,0,3,0,0,-101
2020/11/29,17:00,3047,0,2391,705,,67,0,0,11,0,0,-127
2020/11/29,18:00,3082,0,2396,755,,66,0,0,20,0,0,-156
2020/11/29,19:00,3033,0,2429,670,,67,0,0,21,0,0,-154
2020/11/29,20:00,2959,0,2415,528,,66,0,0,28,0,0,-78
2020/11/29,21:00,2820,0,2368,488,,67,0,0,19,0,0,-122
2020/11/29,22:00,2703,0,2310,479,,66,0,0,15,0,0,-166
2020/11/29,23:00,2628,0,2257,468,,67,0,0,27,0,0,-191
2020/11/30,0:00,2572,0,2197,463,,67,0,0,46,0,0,-201
2020/11/30,1:00,2662,0,2304,511,,66,0,0,38,0,0,-257
2020/11/30,2:00,2892,0,2451,579,,67,0,0,29,0,0,-233
2020/11/30,3:00,3079,0,2640,587,,67,0,0,18,0,0,-232
2020/11/30,4:00,3173,0,2911,568,,66,0,0,24,0,0,-396
2020/11/30,5:00,3161,0,2736,481,,67,0,0,20,0,0,-144
2020/11/30,6:00,3176,0,2737,493,,66,1,0,8,0,0,-129
2020/11/30,7:00,3284,0,2720,545,,66,16,0,21,0,0,-83
2020/11/30,8:00,3635,0,2773,691,,66,83,0,34,0,0,-12
2020/11/30,9:00,3843,0,2825,508,,65,201,0,48,0,0,196
2020/11/30,10:00,3842,0,2750,507,,65,202,0,48,0,0,271
2020/11/30,11:00,3800,0,2700,481,,65,311,0,33,0,0,210
2020/11/30,12:00,3598,0,2831,452,,65,287,0,31,0,0,-68
2020/11/30,13:00,3721,0,2707,414,,65,277,0,19,0,0,239
2020/11/30,14:00,3730,0,2616,469,,65,203,0,17,0,0,360
2020/11/30,15:00,3717,0,2738,509,,65,84,0,18,0,0,304
2020/11/30,16:00,3790,0,2792,742,,61,14,0,18,0,0,164
2020/11/30,17:00,3806,0,2735,844,,61,0,0,14,0,48,106
2020/11/30,18:00,3749,0,2647,855,,61,0,0,14,0,99,72
2020/11/30,19:00,3620,0,2636,731,,61,0,0,6,0,99,87
2020/11/30,20:00,3472,0,2684,573,,61,0,0,6,0,54,95
2020/11/30,21:00,3361,0,2695,528,,62,0,0,4,0,0,73
2020/11/30,22:00,3243,0,2694,474,,61,0,0,0,0,0,14
2020/11/30,23:00,3140,0,2753,477,,61,0,0,0,0,0,-151
,,,,,,,,,,,,,
,,,,,,,,,,,,,
,,,,,,,,,,,,,
,,,,,,,,,,,,,
,,,,,,,,,,,,,
,,,,,,,,,,,,,
,,,,,,,,,,,,,
,,,,,,,,,,,,,
,,,,,,,,,,,,,
,,,,,,,,,,,,,
,,,,,,,,,,,,,
,,,,,,,,,,,,,
,,,,,,,,,,,,,
,,,,,,,,,,,,,
,,,,,,,,,,,,,
,,,,,,,,,,,,,
,,,,,,,,,,,,,
,,,,,,,,,,,,,
,,,,,,,,,,,,,
,,,,,,,,,,,,,
,,,,,,,,,,,,,
,,,,,,,,,,,,,
,,,,,,,,,,,,,
,,,,,,,,,,,,,
